id,genetics,species,finalCultivar,synonym,isConfirmed,use,country,genotypes,tree_tag_id,propertyOwner,treeSiteLocation,treeLatitude,treeLongitude,treeHeight,treeDripLine,trunkDiameter,fireBlight,fruitHanging
100,Malus,domestica,Ben Davis,"New York Pippin, Kentucky Red",C,"dessert, cider",United States,3136,100,public,Dunn House,39.9391806,-105.2603118,20,14,20.25,0,1001-10000
101,Malus,domestica,Fameuse,NA,C,NA,NA,2981,101,public,Dunn House,39.9393022,-105.2605268,27,32,45.8366,1,101-1000
102,Malus,domestica,McMahan,NA,C,NA,NA,3116,102,public,Dunn House,39.9392626,-105.2604312,20,32,22,1,11-100
103,Malus,domestica,Ben Davis,"New York Pippin, Kentucky Red",NA,"dessert, cider",United States,3136,103,public,Dunn House,39.9391503,-105.2602347,18,56,21.75,0,1001-10000
104,NA,NA,NA,NA,C,NA,NA,NA,104,public,Dunn House,39.9393277,-105.2600289,32,34,0.82021,0,1001-10000
105,Malus,domestica,Ben Davis,"New York Pippin, Kentucky Red",NA,"dessert, cider",United States,3136,105,public,Dunn House,39.9389094,-105.2602723,17,27,21.5,0,1001-10000
106,NA,NA,NA,NA,NA,NA,NA,NA,106,public,Dunn House,39.939076,-105.2604832,16,21,19.75,0,101-1000
107,NA,NA,NA,NA,NA,NA,NA,NA,107,public,Dunn House,39.9391814,-105.260448,14,13,13.5,1,101-1000
108,NA,NA,NA,NA,NA,NA,NA,NA,108,public,Dunn House,39.9392287,-105.2602723,15,14,7.5,0,11-100
109,NA,NA,NA,NA,NA,NA,NA,NA,109,public,"North, Marshall Mesa",39.9594829,-105.2226701,25,19,40,0,0
110,NA,NA,NA,NA,NA,NA,NA,NA,110,private,601 Boggess Cir,39.996472,-105.281527,28,28,15.5,1,1001-10000
111,NA,NA,NA,NA,C,NA,NA,NA,111,private,801 Boggess Cir,39.99585,-105.28179,35,34,15.82812,1,10000-
112,Malus,domestica,Delicious,"Cervena prevazhodna, Delicious rosso, Hawkeye, Piros Delicious, Stark Delicious",U,dessert,United States,2947,112,private,NA,40.0243,-105.2907,21,23.75,14.28125,1,1001-10000
113,Malus,domestica,Salome,NA,C,dessert,United States,3097,113,private,480 Japonica Way ,40.037,-105.2901,30,27,15.90625,1,11-100
114,Malus,domestica,Delicious,"Cervena prevazhodna, Delicious rosso, Hawkeye, Piros Delicious, Stark Delicious",C,dessert,United States,2947,114,private,3050 15 St,40.0316,-105.276,20,29,8.375,1,101-1000
115,Malus,domestica,McIntosh Summerland Red,NA,NA,cider,Canada,2968,115,private,460 Japonica Way,40.0369,-105.2901,35,NA,9.75,1,11-100
116,NA,NA,NA,NA,NA,NA,NA,NA,116,private,6775 Ute Hwy ,40.208067,-105.196977,25,32,22.234375,0,101-1000
117,NA,NA,NA,NA,C,NA,NA,NA,117,NA,6775 Ute Hwy,40.208481,-105.196986,NA,NA,NA,NA,NA
118,Malus,domestica,Delicious,"Cervena prevazhodna, Delicious rosso, Hawkeye, Piros Delicious, Stark Delicious",NA,dessert,United States,2947,118,private ,6775 Ute Hwy ,40.308722,-105.19663,9,17,20.1875,1,11-100
119,NA,NA,NA,NA,NA,NA,NA,NA,119,NA,6775 Ute Hwy,40.280702,-105.196409,NA,NA,NA,NA,NA
120,NA,NA,NA,NA,NA,NA,NA,NA,120,private ,6775 Ute Hwy ,40.208534,-105.196452,13,24,15.921875,1,101-1000
130,Malus,domestica,Delicious,"Cervena prevazhodna, Delicious rosso, Hawkeye, Piros Delicious, Stark Delicious",NA,dessert,United States,2947,130,private,NA,40.012182,-105.1498799,25,28,23.5,1,0-2
131,NA,NA,NA,NA,NA,NA,NA,NA,131,private,NA,40.0124083,-105.149775,18,21,9.0625,1,NA
132,NA,NA,NA,NA,NA,NA,NA,NA,132,private,NA,40.0141667,-105.1500744,25,12,8.6875,1,101-1000
133,NA,NA,NA,NA,NA,NA,NA,NA,133,public,Boulder Open Space,40.091214,-105.225566,15,22,6.875,0,101-1000
134,NA,NA,NA,NA,NA,NA,NA,NA,134,public,Boulder Open Space,40.09108,-105.225463,15,14,7.25,1,1001-10000
135,Malus,domestica,Wealthy,Lelsy,C,"dessert, cooking, cider",United States,3050,135,public,Boulder Open Space,40.0912457,-105.2254552,12,16,20.9375,1,NA
136,Malus,domestica,Delicious,"Cervena prevazhodna, Delicious rosso, Hawkeye, Piros Delicious, Stark Delicious",C,dessert,United States,2947,136,private ,3373 4th St ,40.037,-105.2921,25,20.25,11.75,1,11-100
137,Malus,domestica,Delicious,"Cervena prevazhodna, Delicious rosso, Hawkeye, Piros Delicious, Stark Delicious",C,dessert,United States,2947,137,private ,3373 4th St ,40.037,-105.2921,14.5,27.2083,12.15625,1,101-1000
138,Malus,domestica,Delicious,"Cervena prevazhodna, Delicious rosso, Hawkeye, Piros Delicious, Stark Delicious",NA,dessert,United States,2947,138,private,3373 4th St ,40.037,-105.2921,10,17.42,6.828125,0,11-100
145,Malus,domestica,Delicious,"Cervena prevazhodna, Delicious rosso, Hawkeye, Piros Delicious, Stark Delicious",NA,dessert,United States,2947,145,NA,902 Grant Place,40.0038,-105.2827,NA,NA,NA,NA,NA
146,NA,NA,NA,NA,NA,NA,NA,NA,146,NA,774 Grant Place,40.0013277,-105.2827,NA,NA,NA,NA,NA
147,NA,NA,UNK_Morp_2lwt00b,NA,NA,NA,NA,NA,147,private,977 7th St.,40.0052034,-105.2857466,24,31,17.75,0,11-100
148,Malus,hybrid,Irene,NA,NA,NA,NA,3204,148,public,Smiths Park,40.0044,-105.2877,30,36,15.25,0,101-1000
149,NA,NA,NA,NA,NA,NA,NA,NA,149,public,Colombia Cemetary ,40.0085,-105.2823,17,19.67,8.25,1,101-1000
161,NA,NA,NA,NA,C,NA,NA,NA,161,private,"6775 Ute, Longmont",40.2086436,-105.1964257,12.5,13,12.375,1,11-100
162,Malus,domestica,Delicious,"Cervena prevazhodna, Delicious rosso, Hawkeye, Piros Delicious, Stark Delicious",U,dessert,United States,2947,162,private,"6775 Ute, Longmont",40.2060813,-105.1932898,12,18,13.25,1,11-100
163,Malus,domestica,Haralson,NA,NA,"dessert, cooking",United States,3196,163,private,"6775 Ute, Longmont",40.2060813,-105.1932898,8.5,9,5.75,0,11-100
164,Malus,domestica,Lodi,"Early Golden, Golden Lodi, Improved Yellow Transparent, Large Transparent",C,cooking,United States,3013,164,,close to 2640 Iliff,39.9704,-105.2586,NA,NA,NA,NA,NA
165,Malus,domestica,Delicious,"Cervena prevazhodna, Delicious rosso, Hawkeye, Piros Delicious, Stark Delicious",NA,dessert,United States,2947,165,private,2190 Linden,40.0404,-105.2685,17,24.083,11.03125,0,101-1000
166,NA,NA,NA,NA,NA,NA,NA,NA,166,private,2190 Linden,40.0403,-105.269,20,27.92,10.640625,0,101-1000
167,NA,NA,NA,NA,C,NA,NA,NA,167,private,2190 Linden,40.0401,-105.2687,NA,18.083,8.34375,0,11-100
168,Malus,domestica,McIntosh Summerland Red,NA,U,cider,Canada,2968,168,private,821 Mapleton,40.0209,-105.2857,35,50.083,18.625,0,0-2
169,Malus,domestica,Wealthy,Lelsy,NA,"dessert, cooking, cider",United States,3050,169,private,821 Mapleton,40.0213,-105.2851,30,29.83,8.5625,0,0
170,Malus,domestica,McIntosh Summerland Red,NA,U,cider,Canada,2968,170,private,821 Mapleton,40.0207,-105.2854,30,24.33,11.78125,1,0
171,Malus,domestica,Lodi,"Early Golden, Golden Lodi, Improved Yellow Transparent, Large Transparent",NA,cooking,United States,3013,171,private,609 E. Simpson,39.998,-105.0831,25,27.83,12.03125,1,11-100
172,Malus,hybrid,Dolgo,Dolgo,NA,NA,Former Soviet Union,3325,172,Public,"NW of regent admin center on CU campus, the tree we typically train students at with oblong fruit (sour)",40.004117,-105.267646,,,,,
173,Malus,hybrid,Whitney Crab,NA,NA,NA,United States,3102,173,Public,"SE side of wardenburg health in Rocky median between road and parking area, across St from Cheyenne Arapaho hall, green sour fruit",40.005162,-105.268398,,,,,
174,NA,NA,NA,NA,C,NA,NA,NA,174,Public,"W of Broadway bike path, east side of broadway road, far w end of norlin quad.",40.008477,-105.275323,,,,,
175,Malus,domestica,Grimes Golden,"Doree de Grimes, Grimes, Grimes Goldapfel, Grimes Golden Pippin, Grimes Yellow Pippin",NA,"cider, cooking, dessert",United States,3248,175,public,or homestead near (illegible),39.9394991,-105.2618826,10.5,22.6,5.75,1,11-100
176,Malus,x adstringens,Hopa,NA,NA,NA,United States,3051,176,Public,"NW side of anthropology building, one tree by electrical box that is taggedd, 3 more likely of same 20 ft W",40.009292,-105.275394,,,,,
177,Malus,hybrid,Dolgo,Dolgo,NA,NA,Former Soviet Union,3325,177,Public,"S side of university, E of Broadway, 2 trees, tagged the Eastern ond",40.010419,-105.276414,,,,,
178,NA,NA,NA,NA,NA,NA,NA,NA,178,Public,"S side of Boulder Creek path, just W of folsom",40.011552,-105.263686,NA,NA,NA,NA,NA
205,NA,NA,NA,NA,NA,NA,NA,NA,205,NA,2218 Bluebell Ave,39.9971746,-105.2625255,NA,NA,NA,NA,NA
206,NA,NA,NA,NA,NA,NA,NA,NA,206,NA,Cabin 811 Chautauqua Park,39.9954,-105.2823,20,32,20.375,0,11-100
220,NA,NA,NA,NA,U,NA,NA,NA,220,public,Boulder Hills ,40.1304,-105.2171,25,46,14.5,1,1001-10000
223,Malus,domestica,Grimes Golden,"Doree de Grimes, Grimes, Grimes Goldapfel, Grimes Golden Pippin, Grimes Yellow Pippin",U,"cider, cooking, dessert",United States,3248,223,private,"1108 8th Ave, Longmont",40.1725,-105.1106,12.5,19,15.5,1,11-100
224,Malus,domestica,Delicious,"Cervena prevazhodna, Delicious rosso, Hawkeye, Piros Delicious, Stark Delicious",U,dessert,United States,2947,224,private,"1108 8th Ave, Longmont",40.1725,-105.1107,15,24,16.25,1,0-2
225,Malus,domestica,Delicious,"Cervena prevazhodna, Delicious rosso, Hawkeye, Piros Delicious, Stark Delicious",NA,dessert,United States,2947,225,private,"12730 N 66th St, Longmont",40.2057,-105.199,18,21,10.25,1,0-2
226,NA,NA,NA,NA,NA,NA,NA,NA,226,NA,"12730 N 66th St, Longmont",40.2055,-105.1989,NA,NA,NA,NA,NA
227,NA,NA,NA,NA,NA,NA,NA,NA,227,NA,"12730 N 66th St, Longmont",40.2056,-105.1989,NA,NA,NA,NA,NA
228,NA,NA,NA,NA,NA,NA,NA,NA,228,private,"12730 N 66th St, Longmont",40.2056,-105.1989,20,15,32.125,1,101-1000
235,NA,NA,NA,NA,NA,NA,NA,NA,235,public,table mesa near bridge,39.939331,-105.25781,12,16,2.9375,1,11-100
236,Malus,domestica,Winesap,NA,NA,NA,NA,32541,236,public,table mesa near bridge,39.939331,-105.25781,15,14,3.9375,0,101-1000
237,NA,NA,NA,NA,C,NA,NA,NA,237,private ,825 inca parkway ,40.0018426,-105.2405557,20,30,9.875,0,11-100
238,Malus,domestica,Fameuse,NA,C,NA,NA,2981,238,private ,185 S 34th St,39.9901315,-105.253439,35,45,19.75,0,11-100
239,Malus,domestica,Wealthy,Lelsy,NA,"dessert, cooking, cider",United States,3050,239,private ,315 20th St,39.9967,-105.2674,12,16,2.24,0,101-1000
240,NA,NA,NA,NA,NA,NA,NA,NA,240,NA,6775 Ute Hwy,40.208,-105.1956,NA,NA,NA,NA,NA
241,NA,NA,NA,NA,U,NA,NA,NA,241,NA,6775 Ute Hwy,40.2086,-105.1964,NA,NA,NA,NA,NA
242,Malus,domestica,Duchess/Borowitsky,NA,C,NA,United Kingdom,3251,242,private,"6775 Ute, Longmont",40.2086,-105.1957,17,21,19.375,1,11-100
243,Malus,domestica,Ben Davis,"New York Pippin, Kentucky Red",NA,"dessert, cider",United States,3136,243,private,"6775 Ute, Longmont",40.207,-105.1964,7,10.25,6.21875,0,11-100
244,NA,NA,NA,NA,NA,NA,NA,NA,244,private,"6775 Ute, Longmont",40.2067,-105.1971,12,12.4167,5.25,0,11-100
245,NA,NA,NA,NA,U,NA,NA,NA,245,NA,6775 Ute Hwy,40.208,-105.1956,NA,NA,NA,NA,NA
246,Malus,domestica,Lodi,"Early Golden, Golden Lodi, Improved Yellow Transparent, Large Transparent",NA,cooking,United States,3013,246,private,"6775 Ute, Longmont",40.2086,-105.1957,15,20.4167,10.8125,1,11-100
247,NA,NA,NA,NA,U,NA,NA,NA,247,NA,6775 Ute Hwy,40.2088,-105.1964,NA,NA,NA,NA,NA
248,Malus,domestica,Korei,NA,NA,dessert,Japan,1910,248,private,"6775 Ute, Longmont",40.2101,-105.1959,9,12.5,5.75,0,11-100
249,NA,NA,NA,NA,NA,NA,NA,NA,249,NA,6775 Ute Hwy,40.208,-105.1956,NA,NA,NA,NA,NA
250,NA,NA,UNK_MT4_Clon (Montana),NA,NA,NA,NA,NA,250,private,1035 Roxwood,40.006243,-105.22583,24,20.5,11.94,1,101-1000
251,Malus,domestica,Delicious,"Cervena prevazhodna, Delicious rosso, Hawkeye, Piros Delicious, Stark Delicious",NA,dessert,United States,2947,251,NA,8716 Arapahoe ,40.0144327,-105.1496902,NA,NA,NA,NA,NA
252,Malus,domestica,Glenorchie,NA,NA,NA,Canada,1612,252,private,5973 Indian,40.0329684,-105.2142486,26,15.75,11.0625,1,11-100
253,NA,NA,NA,NA,NA,NA,NA,NA,253,NA,NA,40.0327492,-105.2122457,36.0892,121.391,10.75,0,101-1000
254,NA,NA,NA,NA,NA,NA,NA,NA,254,NA,NA,NA,NA,NA,NA,NA,NA,NA
256,NA,NA,NA,NA,NA,NA,NA,NA,256,NA,"5169 Ute Hwy, Longmont",40.2114,-105.2325,NA,NA,NA,NA,NA
257,NA,NA,NA,NA,NA,NA,NA,NA,257,private,8716 Arapahoe,40.0144327,-105.1496902,26.2467,88.5827,6.5,1,101-1000
258,NA,NA,NA,NA,NA,NA,NA,NA,258,NA,6775 Ute Hwy,40.2069,-105.1957,NA,NA,NA,NA,NA
259,NA,NA,NA,NA,NA,NA,NA,NA,259,NA,6775 Ute Hwy,40.2069,-105.1957,NA,NA,NA,NA,NA
260,NA,NA,NA,NA,C,NA,NA,NA,260,NA,6775 Ute Hwy,40.2069,-105.1957,NA,NA,NA,NA,NA
261,Malus,domestica,Delicious,"Cervena prevazhodna, Delicious rosso, Hawkeye, Piros Delicious, Stark Delicious",C,dessert,United States,2947,261,private,"6775 Ute, Longmont",40.2065,-105.1986,9,10.75,2.9375,1,11-100
262,Malus,domestica,Golden Delicious,NA,NA,NA,NA,3026,262,private,5973 Indian,40.0329684,-105.2142486,29.5276,NA,11.25,0,11-100
264,Malus,domestica,Delicious,"Cervena prevazhodna, Delicious rosso, Hawkeye, Piros Delicious, Stark Delicious",U,dessert,United States,2947,264,NA,8716 Arapahoe ,40.0144327,-105.1496902,NA,NA,NA,NA,NA
280,Malus,domestica,Delicious,"Cervena prevazhodna, Delicious rosso, Hawkeye, Piros Delicious, Stark Delicious",NA,dessert,United States,2947,280,private,"5169 Ute, Longmont",40.2114,-105.2324,12,5.583,5.28125,1,11-100
281,NA,NA,NA,NA,NA,NA,NA,NA,281,NA,"5169 Ute Hwy, Longmont",40.213951,-105.2324755,NA,NA,NA,NA,NA
282,NA,NA,NA,NA,NA,NA,NA,NA,282,NA,"5169 Ute Hwy, Longmont",40.2116076,-105.2323515,NA,NA,NA,NA,NA
283,NA,NA,NA,NA,NA,NA,NA,NA,283,NA,"5169 Ute Hwy, Longmont",40.21152,-105.2328616,NA,NA,NA,NA,NA
284,NA,NA,NA,NA,C,NA,NA,NA,284,NA,"5169 Ute Hwy, Longmont",40.2116322,-105.2324698,NA,NA,NA,NA,NA
285,Malus,domestica,Delicious,"Cervena prevazhodna, Delicious rosso, Hawkeye, Piros Delicious, Stark Delicious",U,dessert,United States,2947,285,private,"5169 Ute, Longmont",40.2118598,-105.2326888,25,30,17.5,0,1001-10000
286,Malus,domestica,Delicious,"Cervena prevazhodna, Delicious rosso, Hawkeye, Piros Delicious, Stark Delicious",NA,dessert,United States,2947,286,private,"5169 Ute, Longmont",40.212038,-105.2325027,13,10,10.03125,1,101-1000
287,NA,NA,NA,NA,NA,NA,NA,NA,287,NA,"5169 Ute Hwy, Longmont",40.2125357,-105.2329288,NA,NA,NA,NA,NA
288,NA,NA,NA,NA,NA,NA,NA,NA,288,NA,"5169 Ute Hwy, Longmont",40.2111,-105.2328,NA,NA,NA,NA,NA
289,NA,NA,NA,NA,NA,NA,NA,NA,289,NA,"5169 Ute Hwy, Longmont",40.2111,-105.2328,NA,NA,NA,NA,NA
290,NA,NA,NA,NA,NA,NA,NA,NA,290,NA,"5169 Ute Hwy, Longmont",40.2111,-105.2328,NA,NA,NA,NA,NA
292,NA,NA,NA,NA,C,NA,NA,NA,292,NA,Silver Ditch,40.0342404,-105.2925587,NA,NA,NA,NA,NA
293,Malus,domestica,Delicious,"Cervena prevazhodna, Delicious rosso, Hawkeye, Piros Delicious, Stark Delicious",NA,dessert,United States,2947,293,private,8350 Lefthand,40.07834,-105.385231,14,11,9.3125,0,101-1000
294,NA,NA,NA,NA,NA,NA,NA,NA,294,NA,Silver Ditch,40.03386,-105.29237,NA,NA,NA,NA,NA
295,NA,NA,NA,NA,NA,NA,NA,NA,295,private,2602 Pine St.,40.0236,-105.2613,25,16,12.78125,0,11-100
296,NA,NA,NA,NA,C,NA,NA,NA,296,private ,634 Pine St. ,40.0183,-105.2875,40,25,20.4375,0,0-2
297,Malus,domestica,Ben Davis,"New York Pippin, Kentucky Red",C,"dessert, cider",United States,3136,297,private,444 Concord ,40.0225,-105.2904,40,25,10.1875,1,1001-10000
298,Malus,domestica,Ben Davis,"New York Pippin, Kentucky Red",NA,"dessert, cider",United States,3136,298,private,505 Alpine Ave,40.0257,-105.2898,25,17,24.875,0,11-100
299,NA,NA,NA,NA,NA,NA,NA,NA,299,private,2455 Broadway,40.0227,-105.282,25,25,28.671875,1,11-100
300,NA,NA,NA,NA,NA,NA,NA,NA,300,private,Eldorado Tunnel,40.056906,-105.370163,8,5,1.27,0,NA
301,NA,NA,NA,NA,NA,NA,NA,NA,301,NA,"217 Gold Run Rd, 80302",40.050786,-105.374881,NA,30,13.38,1,NA
302,NA,NA,NA,NA,NA,NA,NA,NA,302,public,Maxwell Park,40.042101,-105.286336,18,15,1.27,0,NA
303,NA,NA,NA,NA,U,NA,NA,NA,303,private,"9536 Schlagel St Longmont, CO 80503",40.1477,-105.1466,21,25,17.68,1,NA
304,Malus,domestica,Wealthy,Lelsy,NA,"dessert, cooking, cider",United States,3050,304,private,249 Carricaburu Rd.,42.3962748,-111.0485071,16,11,11.94,0,NA
305,NA,NA,NA,NA,C,NA,NA,NA,305,,,,,,,,,
306,Malus,domestica,Haralson,NA,C,"dessert, cooking",United States,3196,306,private,345 S. 40th 80305,39.9878054,-105.2473176,17,30,6.69,1,NA
307,Malus,domestica,Delicious,"Cervena prevazhodna, Delicious rosso, Hawkeye, Piros Delicious, Stark Delicious",NA,dessert,United States,2947,307,private,3065 15th St.,40.0320309,-105.2764943,23.167,37,1.8,0,NA
308,NA,NA,NA,NA,C,NA,NA,NA,308,private,2150 Orchard Ave.,40.045622,-105.267917,22,21,12.6,0,NA
310,Malus,domestica,Red Baron,NA,NA,NA,United States,3049,310,public,boulder open space ,40.0546,-105.1961,25,43.75,30,1,10000-
311,NA,NA,NA,NA,NA,NA,NA,NA,311,public,boulder open space ,40.0557,-105.196,25,35.167,19.875,1,1001-10000
312,NA,NA,NA,NA,C,NA,NA,NA,312,public,boulder open space ,40.0578,-105.1949,22,33.5,22.75,1,11-100
313,Malus,domestica,Jonathan,"Esopus Spitzenberg, King Philip, Philip Rick, Ulster Seedling",NA,"dessert, cider",United States,3023,313,public,boulder open space ,40.0562,-105.1976,32,33.167,18.3125,1,101-1000
314,NA,NA,UNK_MT4_Clon (Montana),NA,NA,NA,NA,NA,314,public,boulder open space ,40.0661,-105.2484,25,18.67,6.875,1,11-100
315,NA,NA,NA,NA,NA,NA,NA,NA,315,public,boulder open space ,40.066,-105.2483,20,20.6,16.4375,1,0-2
316,Malus,domestica,Golden Delicious,NA,NA,NA,NA,3026,316,public,boulder open space ,40.066,-105.2484,20,14.33,12.4375,1,0-2
317,NA,NA,NA,NA,NA,NA,NA,NA,317,public,boulder open space ,40.065723,-105.247857,NA,NA,NA,NA,NA
325,NA,NA,NA,NA,NA,NA,NA,NA,325,NA,S Boulder Creek Path ,40.0040241,-105.2164333,NA,NA,NA,NA,NA
327,NA,NA,NA,NA,NA,NA,NA,NA,327,NA,S Boulder Creek Path ,40.0040066,-105.2164742,NA,NA,NA,NA,NA
328,NA,NA,NA,NA,NA,NA,NA,NA,328,private,S Boulder Creek Path ,40.0039851,-105.2164973,NA,NA,NA,NA,NA
329,Malus,domestica,Arkansas Black,Ark Black,NA,"cider, cooking",United States,2975,329,private,14th and Norwood,40.0446187,-105.2806046,82.021,49.2126,8.5,1,3-10
330,Malus,domestica,Golden Delicious,NA,NA,NA,NA,3026,330,private,14th and Norwood,40.044675,-105.286886,82.021,20,NA,1,0-2
331,NA,NA,NA,NA,NA,NA,NA,NA,331,public,CU Chancellor House N of entrance,39.9967248,-105.2462282,131.234,22.9659,12.75,1,10000-
333,NA,NA,NA,NA,NA,NA,NA,NA,333,NA,"Walnut Park, Louisville",39.9788415,-105.1418115,NA,NA,NA,NA,NA
334,NA,NA,NA,NA,NA,NA,NA,NA,334,NA,"Walnut Park, Louisville",39.9797091,-105.1413978,NA,NA,NA,NA,NA
335,,,NA,NA,NA,NA,NA,NA,335,NA,"Walnut Park, Louisville",39.9787163,-105.1420301,NA,NA,NA,NA,NA
336,NA,NA,NA,NA,NA,NA,NA,NA,336,public,CU Chancellor House N of entrance,39.996168,-105.2462852,25,10,22.75,1,101-1000
337,NA,NA,NA,NA,NA,NA,NA,NA,337,public,CU Chancellor House N of entrance,39.996472,-105.246257,25,34,17,1,1001-10000
338,NA,NA,Early Strawberry,NA,NA,NA,NA,NA,338,public,CU Chancellor House N of entrance,39.9969699,-105.2462758,164.042,82.021,27.5,1,10000-
339,NA,NA,NA,NA,NA,NA,NA,NA,339,public,CU Chancellor House N of entrance,39.996825,-105.2462125,82.021,65.6168,29,1,101-1000
340,NA,NA,NA,NA,NA,NA,NA,NA,340,private,1505 5th St,40.01078,-105.289697,18,16,15.0625,0,101-1000
341,NA,NA,NA,NA,NA,NA,NA,NA,341,NA,Gregory Trailhead,39.997342,-105.292257,NA,NA,NA,NA,NA
342,NA,NA,NA,NA,NA,NA,NA,NA,342,private ,1337 Marshall St,40.0102,-105.2905,20,22,18.75,1,101-1000
343,NA,NA,NA,NA,NA,NA,NA,NA,343,private ,435 University Ave ,40.010675,-105.2906,22,14,10.0625,0,101-1000
344,NA,NA,NA,NA,NA,NA,NA,NA,344,NA,453 University ,40.010675,-105.2906,NA,NA,NA,NA,NA
345,NA,NA,NA,NA,NA,NA,NA,NA,345,NA,453 University ,40.010675,-105.2906,NA,NA,NA,NA,NA
346,NA,NA,NA,NA,NA,NA,NA,NA,346,public,Gregory Trailhead,39.997327,-105.2931,20,12,9.25,1,11-100
347,NA,NA,NA,NA,NA,NA,NA,NA,347,NA,Gregory Trailhead,39.997163,-105.29311,NA,NA,NA,NA,NA
355,Malus,domestica,Haas,NA,NA,NA,NA,32931,355,private,"front yard, West Corner",40.0070047,-105.2877379,19,23,14.25,1,0-2
356,NA,NA,NA,NA,NA,NA,NA,NA,356,private,"front yard, West Corner",40.0073264,-105.288261,18,21,12.5,1,101-1000
357,NA,NA,NA,NA,C,NA,NA,NA,357,public,McClintock Trail,39.997297,-105.2794,27,25,17.125,1,11-100
358,Malus,domestica,Ben Davis,"New York Pippin, Kentucky Red",C,"dessert, cider",United States,3136,358,private,290 Cactus (front yard),40.0439994,-105.2950398,18,17,6.734375,1,101-1000
359,Malus,domestica,Ben Davis,"New York Pippin, Kentucky Red",C,"dessert, cider",United States,3136,359,private,"3535 Eastman Ave. Boulder, CO",40,-105,28,30,3.583,1,0-2
370,Malus,domestica,Mann,Diltz,NA,dessert,United States,2225,370,private,3060 15th St,40.0316797,-105.2756772,25,33,25,0,101-1000
371,NA,NA,NA,NA,NA,NA,NA,NA,371,private,1162 Juniper St,40.0372,-105.2826,20,29,53.0625,0,101-1000
372,NA,NA,NA,NA,NA,NA,NA,NA,372,private,1162 Juniper St,40.0372,-105.2826,15,17.75,10.5,0,11-100
373,NA,NA,NA,NA,NA,NA,NA,NA,373,private,1921 Bluff St ,40.0245,-105.2714,30,29,1,0,0-2
374,NA,NA,NA,NA,NA,NA,NA,NA,374,private,3480 17th St ,40.0372,-105.2746,25,25.167,37.875,0,101-1000
375,NA,NA,NA,NA,NA,NA,NA,NA,375,private,3480 17th St ,40.0372,-105.2746,20,22,46.9375,0,101-10000
376,NA,NA,NA,NA,NA,NA,NA,NA,376,public,Lost Gulch Trail,40.008796,-105.325913,35,22.33,7.640625,0,11-100
377,NA,NA,NA,NA,NA,NA,NA,NA,377,public,Lost Gulch Trail,40.008796,-105.325913,30,34,21.3125,0,11-100
378,NA,NA,NA,NA,NA,NA,NA,NA,378,public,Lost Gulch Trail,40.008796,-105.325913,26,20.33,16.46875,1,101-1000
379,NA,NA,NA,NA,NA,NA,NA,NA,379,public,Eldorado Springs Dr,39.9245,-105.278,30,20,35,0,11-100
380,NA,NA,NA,NA,U,NA,NA,NA,380,public,Eldorado Springs Dr,39.9246,-105.2784,22,16,53.5,0,11-100
400,Malus,domestica,McIntosh Summerland Red,NA,NA,cider,Canada,2968,400,public,Shadow Canyon,39.943695,-105.281482,15,22,8.625,0,101-1000
401,NA,NA,NA,NA,C,NA,NA,NA,401,public,hometead ,39.94315,-105.275523,10,15,3.5,0,11-100
402,Malus,domestica,Dorsett Golden,NA,NA,dessert,Bahamas,1881,402,public,Mesa Trail,39.942887,-105.255276,10,6,3.75,0,0-2
403,Malus,domestica,Crimson Beauty,NA,C,NA,NA,32491,NA,NA,NA,NA,NA,NA,NA,NA,NA,NA
404,Malus,domestica,Delicious,"Cervena prevazhodna, Delicious rosso, Hawkeye, Piros Delicious, Stark Delicious",U,dessert,United States,2947,NA,NA,NA,NA,NA,NA,NA,NA,NA,NA
405,Malus,domestica,McIntosh Summerland Red,NA,NA,cider,Canada,2968,405,private,,40.0382,-105.284,NA,NA,NA,0,101-1000
406,Malus,domestica,Empire,NA,NA,"cider, cooking",United States,3278,406,private,NA,40.0235,-105.2839,NA,18,43,1,3-10
407,Malus,domestica,McIntosh Summerland Red,NA,U,cider,Canada,2968,407,private,NA,NA,NA,NA,NA,NA,NA,NA
415,Malus,domestica,Delicious,"Cervena prevazhodna, Delicious rosso, Hawkeye, Piros Delicious, Stark Delicious",U,dessert,United States,2947,415,public,South Boulder Creek/Mesa Trail,39.9396454,-105.2578321,12,8,2.0625,0,3-10
416,Malus,x adstringens,Hopa,NA,C,NA,United States,3051,416,public,South Boulder Creek/Mesa Trail,39.9396454,-105.2578321,12,8,2.0625,0,11-100
417,Malus,domestica,Haas,NA,C,NA,NA,32931,417,public,South Boulder Creek/Mesa Trail,39.9396454,-105.2578321,20,15,2.0625,0,11-100
430,Malus,domestica,Delicious,"Cervena prevazhodna, Delicious rosso, Hawkeye, Piros Delicious, Stark Delicious",U,dessert,United States,2947,430,private,1003 Pegasus,39.98889,-105.1017,25,30,7.84375,NA,101-1000
431,Malus,domestica,Golden Delicious,NA,NA,NA,NA,3026,431,NA,2994 N 75th St,40.02888889,-105.1661111,18,20,6.53125,1,101-1000
432,Malus,domestica,McIntosh Summerland Red,NA,NA,cider,Canada,2968,432,private,2994 N 75th St,40.02888889,-105.1658333,20,30,11.3125,1,NA
433,Malus,domestica,Winesap,NA,NA,NA,NA,32541,433,private ,2994 N 75th St,40.02861111,-105.1658333,20,36,8.5,1,NA
434,NA,NA,NA,NA,C,NA,NA,NA,434,private,2994 N 75th St,40.02888889,-105.1661111,NA,NA,7.5,1,101-1000
435,Malus,domestica,Northern Spy,"King Apple, Spy, Northern Spice, Red Northern Spy, Red Spy",NA,"cider, dessert, cooking",United States,3216,435,private,207 E Simpson,39.99833333,-105.0886111,25,20,7.46875,1,1001-10000
436,NA,NA,NA,NA,NA,NA,NA,NA,436,NA,207 E Simpson,39.99833333,-105.0888889,NA,NA,NA,NA,NA
437,NA,NA,NA,NA,NA,NA,NA,NA,437,NA,207 E Simpson,39.99833333,-105.0888889,NA,NA,NA,NA,NA
438,NA,NA,NA,NA,NA,NA,NA,NA,438,private,677 Walnut,39.9787,-105.1347,40,45,1.25,0,11-100
439,NA,NA,NA,NA,NA,NA,NA,NA,439,NA,Silver Ditch,40.034117,-105.29257,NA,NA,NA,NA,NA
440,NA,NA,NA,NA,NA,NA,NA,NA,440,NA,Silver Ditch,40.0339023,-105.29274,NA,NA,NA,NA,NA
441,NA,NA,NA,NA,NA,NA,NA,NA,441,NA,Silver Ditch,40.03386,-105.29257,NA,NA,NA,NA,NA
442,NA,NA,NA,NA,NA,NA,NA,NA,442,NA,Silver Ditch,40.03375,-105.29241,NA,NA,NA,NA,NA
445,Malus,domestica,McIntosh Summerland Red,NA,NA,cider,Canada,2968,445,private ,5132,39.9964315,-105.2683115,40,26.83,15.0625,0,11-100
446,NA,NA,NA,NA,NA,NA,NA,NA,446,private ,340 17th St ,39.9964053,-105.2709777,30,31,16.5,1,101-1000
447,Malus,domestica,Golden Delicious,NA,NA,NA,NA,3026,447,private ,4672,39.9964785,-105.2718658,30,23.4167,12.375,1,101-1000
448,Malus,domestica,Delicious,"Cervena prevazhodna, Delicious rosso, Hawkeye, Piros Delicious, Stark Delicious",NA,dessert,United States,2947,448,private ,345 17th st ,39.9965,-105.2719,25,18,16.5,1,0-2
449,Malus,domestica,Delicious,"Cervena prevazhodna, Delicious rosso, Hawkeye, Piros Delicious, Stark Delicious",NA,dessert,United States,2947,449,public,309 Morning Glory Dr,39.9977812,-105.281741,NA,27.6,10.5,0,11-100
450,Malus,domestica,Hua Guan,NA,NA,NA,China,1054,450,public,505 Chautauqua Trail ,39.9969591,-105.2817139,27,36,14.265625,1,3-10
451,NA,NA,NA,NA,NA,NA,NA,NA,451,public,810 Boggess Circle,39.9956396,-105.2823556,20,25.583,13.25,0,101-1000
460,NA,NA,NA,NA,NA,NA,NA,NA,460,private ,Tolbert House,40.0382955,-105.290708,22,26,9.25,1,101-1000
461,NA,NA,NA,NA,NA,NA,NA,NA,461,private ,Tolbert House,40.0382896,-105.2906513,28,24.6,10.25,1,101-1000
462,NA,NA,UNK-UW/FOCO(574 &595) & Kanin Routson,NA,NA,NA,NA,NA,462,private ,Tolbert House,40.0383322,-105.2907247,34,26.67,14.5,1,1001-10000
463,NA,NA,NA,NA,U,NA,NA,NA,463,NA,Tolberts',40.0385534,-105.2906537,NA,NA,NA,NA,NA
464,Malus,domestica,Ben Davis,"New York Pippin, Kentucky Red",NA,"dessert, cider",United States,3136,464,private ,Tolbert House,40.0387955,-105.2907113,28,28.67,12.6875,1,0
465,NA,NA,NA,NA,C,NA,NA,NA,465,public,Hawthorne edge of Silver Lake,40.0349209,-105.292668,30,19,9.25,0,NA
466,Malus,domestica,King David,NA,NA,"dessert, cooking, cider",United States,3181,466,private ,2206 Nicholl St.,40.028165,-105.269129,40,36,24.75,1,101-1000
467,NA,NA,NA,NA,NA,NA,NA,NA,467,private ,2206 Nicholl St.,40.028204,-105.269379,35,29,19.25,0,1001-10000
468,NA,NA,NA,NA,NA,NA,NA,NA,468,NA,Zapf Property,40.188585,-105.204325,NA,NA,NA,NA,NA
469,NA,NA,NA,NA,NA,NA,NA,NA,469,NA,Zapf Property,40.188585,-105.204325,NA,NA,NA,NA,NA
470,NA,NA,NA,NA,NA,NA,NA,NA,470,NA,Zapf Property,40.188585,-105.204325,NA,NA,NA,NA,NA
471,Malus,domestica,Delicious,"Cervena prevazhodna, Delicious rosso, Hawkeye, Piros Delicious, Stark Delicious",NA,dessert,United States,2947,471,NA,Zapf Property,40.188585,-105.204325,NA,NA,NA,NA,NA
472,Malus,domestica,Imperial Stayman,NA,NA,NA,United States,3002,472,NA,Zapf Property,40.188585,-105.204325,NA,NA,NA,NA,NA
473,Malus,domestica,Golden Delicious,NA,NA,NA,NA,3026,473,NA,Zapf Property,40.188585,-105.204325,NA,NA,NA,NA,NA
474,NA,NA,UNK_MT4_Clon (Montana),NA,C,NA,NA,NA,474,NA,Zapf Property,40.188585,-105.204325,NA,NA,NA,NA,NA
475,Malus,domestica,Jonathan,"Esopus Spitzenberg, King Philip, Philip Rick, Ulster Seedling",U,"dessert, cider",United States,3023,475,private ,4390 Ludlow St,39.9753226,-105.2444503,30,32,24.5,1,101-1000
476,Malus,domestica,Golden Delicious,NA,NA,NA,NA,3026,476,private ,2855 Vassar Dr,39.9855348,-105.2578563,30,27,10.125,1,101-1000
477,Malus,domestica,Red Dijmanszoet/ MM. 111,NA,NA,rootstock,Netherlands/UK,3056/3055,477,private ,3855 Lagrange Cir.,39.9770106,-105.2595722,18,14,11.375,1,101-1000
478,Malus,domestica,Secor,NA,U,NA,United States,2333,478,private ,3855 Lagrange Cir.,39.9770631,-105.2595672,28,27,14.5,1,0-2
479,Malus,domestica,Haas,NA,NA,NA,NA,32931,479,private ,3855 Lagrange Cir.,39.9771037,-105.2595635,32,30,17.1875,1,11-100
480,NA,NA,NA,NA,C,NA,NA,NA,480,private ,865 36th St ,40.0032842,-105.2478436,30,30,14.5,1,1001-10000
481,Malus,domestica,Cortland / UNK-WARC (montana),"Cartland, Courtland, Courtlandt",NA,"dessert, cider",United States,32261,481,private,865 36th St ,40.0034298,-105.2478506,35,36,23,<5,1001-10000
482,NA,NA,NA,NA,NA,NA,NA,NA,482,private,3373 4th St,40.037,-105.2921,10,22.9167,NA,0,101-1000
483,NA,NA,NA,NA,U,NA,NA,NA,483,private,3373 4th St,40.037,-105.2921,12.5,24,13.0625,0,11-100
484,Malus,domestica,Rome Beauty Law,"Foust's Rome Beauty, Gillett's Phoenix, Roman Beauty, Rome, Royal Red, Starbuck",NA,"dessert, cooking, cider",United States,3169,484,private,3373 4th St,40.037,-105.2921,15,17.4167,11.03124,1,11-100
485,NA,NA,NA,NA,NA,NA,NA,NA,485,private,3373 4th St,40.037,-105.2921,12,23,14.5,1,101-1000
486,NA,NA,NA,NA,NA,NA,NA,NA,486,private,3373 4th St,40.037,-105.2921,16,14.167,16.59375,1,11-100
487,NA,NA,NA,NA,NA,NA,NA,NA,487,private,3373 4th St,40.037,-105.2921,22,23.083,17.71875,1,101-1000
490,Malus,domestica,Northwest Greening,NA,NA,NA,NA,3258,490,private,1498 Marshall Rd ,39.960805,-105.228573,18,31,16.5,0,0-2
491,NA,NA,NA,NA,NA,NA,NA,NA,491,private,1498 Marshall Rd ,39.9609616,-105.2288824,28,30,16.5,1,0-2
492,NA,NA,NA,NA,NA,NA,NA,NA,492,private,4702 Eldorado Springs Dr.,39.9447011,-105.2421412,19,23,9,1,101-1000
493,NA,NA,NA,NA,U,NA,NA,NA,493,private,4702 Eldorado Springs Dr.,39.9448299,-105.242159,16,21,38.8338,1,11-100
494,Malus,domestica,Delicious,"Cervena prevazhodna, Delicious rosso, Hawkeye, Piros Delicious, Stark Delicious",NA,dessert,United States,2947,494,private,4702 Eldorado Springs Dr.,39.944652,-105.2424004,13,12,5.5,1,101-1000
495,NA,NA,NA,NA,U,NA,NA,NA,495,private,4702 Eldorado Springs Dr.,39.9458923,-105.2457656,29,25,16.5,0,11-100
496,Malus,domestica,Lodi,"Early Golden, Golden Lodi, Improved Yellow Transparent, Large Transparent",NA,cooking,United States,3013,496,private,3652 Eldorado Springs Dr. ,39.93431,-105.267417,18,17,21.25,1,11-100
497,NA,NA,NA,NA,NA,NA,NA,NA,497,private,3652 Eldorado Springs Dr. ,39.934307,-105.2672672,15,20,21.3125,1,11-100
498,NA,NA,UNK_MT4_Clon (Montana),NA,U,NA,NA,NA,498,private,3652 Eldorado Springs Dr. ,39.9349052,-105.2668987,15,13,20.6875,1,101-1000
499,Malus,domestica,Yellow Transparent,White Transparent,NA,cooking,Russia,3096,499,NA,3652 Eldorado Springs Dr. ,39.9342705,-105.2679698,NA,17,9.25,1,11-100
500,Malus,domestica,Tchistaikovka No. 3,NA,C,NA,NA,1044,500,,,,,,,NA,,
505,Malus,domestica,McIntosh Summerland Red,NA,U,cider,Canada,2968,505,private,9520 Marine St.,40.0112116,-105.2886491,20,26.5,12.125,1,101-1000
506,Malus,domestica,Wealthy,Lelsy,NA,"dessert, cooking, cider",United States,3050,506,private,525 College ,40.0076084,-105.2879436,20,20.25,7.75,1,1001-10000
507,NA,NA,NA,NA,NA,NA,NA,NA,507,private,525 College,40.007318,-105.288245,12,8.5,5.795875,1,11-100
508,NA,NA,NA,NA,NA,NA,NA,NA,508,public,McClintock Trail,39.9970788,-105.2793475,15,21.5,7.6875,1,1001-10000
509,NA,NA,NA,NA,NA,NA,NA,NA,509,private,290 Cactus (backyard),40.36717,-105.2947712,15,19.5,7.75,0,11-100
510,NA,NA,NA,NA,NA,NA,NA,NA,510,private ,600 Juniper ,40.0375639,-105.2881022,39,29,10.875,1,3-10
511,NA,NA,NA,NA,NA,NA,NA,NA,511,private ,585 Juniper ,40.0375639,-105.2881022,12,24,11.625,0,11-100
520,NA,NA,NA,NA,NA,NA,NA,NA,520,private,770 Linden Ave ,40.04116,-105.27745,25,21,12.625,0,11-100
521,NA,NA,NA,NA,NA,NA,NA,NA,521,NA,770 Linden Ave ,40.04,-105.28,NA,NA,NA,NA,NA
522,NA,NA,NA,NA,NA,NA,NA,NA,522,NA,770 Linden Ave ,40.04,-105.28,NA,NA,NA,NA,NA
523,NA,NA,NA,NA,NA,NA,NA,NA,523,NA,770 Linden Ave ,40.04,-105.28,NA,NA,NA,NA,NA
524,NA,NA,NA,NA,NA,NA,NA,NA,524,NA,770 Linden Ave ,40.04,-105.28,NA,NA,NA,NA,NA
525,NA,NA,NA,NA,NA,NA,NA,NA,525,NA,770 Linden Ave ,40.04,-105.28,NA,NA,NA,NA,NA
526,NA,NA,NA,NA,NA,NA,NA,NA,526,public,Wonderland Hill,40.04,-105.28,30,25.5,16.375,0,101-1000
527,NA,NA,NA,NA,C,NA,NA,NA,527,,3840 Lake Bryer,40.04,-105.28,NA,NA,NA,NA,NA
528,Malus,domestica,Delicious,"Cervena prevazhodna, Delicious rosso, Hawkeye, Piros Delicious, Stark Delicious",U,dessert,United States,2947,528,private,1035 Orange Pl.,40.044,-105.2839,20,20,16.015625,1,3-10
529,Malus,domestica,Delicious,"Cervena prevazhodna, Delicious rosso, Hawkeye, Piros Delicious, Stark Delicious",NA,dessert,United States,2947,529,private,755 Union Ave.,43.2855,-105.2886,25,18,8.25,1,101-1000
535,NA,NA,NA,NA,NA,NA,NA,NA,535,public,left hand spruce gulch,40.1243385,-105.3072304,10,12,16.375,0,NA
536,NA,NA,NA,NA,NA,NA,NA,NA,536,public,left hand spruce gulch,40.1243385,-105.3072304,15,14.5,16.75,0,3-10
537,NA,NA,NA,NA,C,NA,NA,NA,537,public,left hand spruce gulch,40.1242716,-105.3076032,14,11.0625,13.28125,0,3-10
538,Malus,domestica,Delicious,"Cervena prevazhodna, Delicious rosso, Hawkeye, Piros Delicious, Stark Delicious",NA,dessert,United States,2947,538,public,Silver Ditch,40.0339698,-105.2927126,15,30,5.75,0,101-1000
539,NA,NA,NA,NA,NA,NA,NA,NA,539,NA,Silver Ditch,40.03404,-105.29267,NA,NA,NA,NA,NA
540,NA,NA,NA,NA,NA,NA,NA,NA,540,NA,Silver Ditch,40.034117,-105.29257,NA,NA,NA,NA,NA
541,NA,NA,NA,NA,NA,NA,NA,NA,541,NA,"5741 Prospect Rd, Longmont",40.1344,-105.2194,NA,NA,NA,NA,NA
543,NA,NA,NA,NA,NA,NA,NA,NA,543,NA,"5741 Prospect Rd, Longmont",40.1359,-105.2186,NA,NA,NA,NA,NA
544,NA,NA,NA,NA,NA,NA,NA,NA,544,NA,"5741 Prospect Rd, Longmont",40.1359,-105.2186,NA,NA,NA,NA,NA
545,NA,NA,UNK_Morp_2lwt00b,NA,NA,NA,NA,NA,545,private ,5741 Prospect Rd,40.13,-105.22,20,11.4167,2.4167,0,101-1000
546,NA,NA,NA,NA,NA,NA,NA,NA,546,NA,"5741 Prospect Rd, Longmont",40.1362,-105.2175,NA,NA,NA,NA,NA
547,NA,NA,NA,NA,NA,NA,NA,NA,547,private ,5741 Prospect Rd,40.13,-105.219,15,7.25,7.25,0,11-100
548,NA,NA,NA,NA,NA,NA,NA,NA,548,private ,5706 Prospect Rd,40.1334,-105.2212,15,9,1.4167,0,11-100
549,NA,NA,NA,NA,NA,NA,NA,NA,549,private ,5706 Prospect Rd,40.1332,-105.2208,35,19,7.375,0,101-1000
550,NA,NA,NA,NA,NA,NA,NA,NA,550,private,1498 Marshall Rd,39.96057,-105.22866,30,22,7.25,0,NA
551,NA,NA,NA,NA,C,NA,NA,NA,551,private,Mehler Property,39.9453,-105.24195,15,20,9.25,0,11-100
552,Malus,domestica,Earliblaze,NA,U,NA,NA,1324,552,private,Mehler Property,39.94507,-105.24199,19,27,21.75,0,101-1000
553,Malus,domestica,Delicious,"Cervena prevazhodna, Delicious rosso, Hawkeye, Piros Delicious, Stark Delicious",NA,dessert,United States,2947,553,private,3652 Eldorado Drive,39.93406,-105.26747,18,30,10.5,0,101-1000
554,NA,NA,NA,NA,NA,NA,NA,NA,554,NA,3652 Eldorado Springs Rd,39.93486,-105.26747,NA,NA,NA,NA,NA
555,Malus,domestica,Delicious,"Cervena prevazhodna, Delicious rosso, Hawkeye, Piros Delicious, Stark Delicious",NA,dessert,United States,2947,555,private ,3652 Eldorado Pkwy,39.933979,-105.26864,15,16,5.5,0,101-1000
565,NA,NA,NA,NA,U,NA,NA,NA,565,NA,8350 Lefthand Canyon,40.078966,-105.3851701,NA,NA,NA,NA,NA
566,Malus,domestica,Crimson Beauty,NA,C,NA,NA,32491,566,private,8350 lefthand ,40.0785696,-105.3855724,15,10,8.875,0,11-100
567,Malus,domestica,Delicious,"Cervena prevazhodna, Delicious rosso, Hawkeye, Piros Delicious, Stark Delicious",NA,dessert,United States,2947,567,private,8350 lefthand ,40.078449,-105.38521,15,12,7.625,0,101-1000
568,NA,NA,NA,NA,U,NA,NA,NA,568,NA,Silver Ditch,40.0341757,-105.29249,,,,,
569,Malus,domestica,Delicious,"Cervena prevazhodna, Delicious rosso, Hawkeye, Piros Delicious, Stark Delicious",NA,dessert,United States,2947,569,public,Silver Ditch,40.0341459,-105.292559,10,10,8.25,1,101-1000
570,NA,NA,NA,NA,NA,NA,NA,NA,570,public,Silver Ditch,40.0339698,-105.2927126,18,30,12.3125,1,11-100
576,NA,NA,NA,NA,NA,NA,NA,NA,576,NA,1900 19th St ,39.9969,-105.2685,NA,NA,NA,NA,NA
577,NA,NA,NA,NA,NA,NA,NA,NA,577,private,3600 Caddo Pkwy,39.9961,-105.247,23,99,9.53125,1,101-1000
578,NA,NA,NA,NA,NA,NA,NA,NA,578,private ,3600 Caddo Pkwy,39.9946,-105.2474,23,104,16.8125,0,1001-10000
579,NA,NA,NA,NA,NA,NA,NA,NA,579,private ,3600 Caddo Pkwy,39.9948,-105.2476,22,57,12.78125,1,1001-10000
580,NA,NA,NA,NA,NA,NA,NA,NA,580,private ,3600 Caddo Pkwy,39.9957,-105.248,20,57,8.203125,1,101-1000
581,NA,NA,NA,NA,NA,NA,NA,NA,581,private ,3600 Caddo Pkwy,39.9966,-105.2478,20,52,24.25,1,101-1000
582,NA,NA,NA,NA,NA,NA,NA,NA,582,NA,3600 Caddo Pkwy,39.9966,-105.2478,NA,NA,NA,NA,NA
583,NA,NA,NA,NA,C,NA,NA,NA,583,private,2190 Linden Ave,40.0406,-105.2687,22,12.167,6.5,1,101-1000
584,Malus,domestica,Pepin Litovskit,"Pepin Litovskii?, Glogerovka",NA,NA,Russia,1774,584,private,2620 Iliff ,39.987,-105.2594,22,33.167,19.21875,0,3-10
585,NA,NA,NA,NA,NA,NA,NA,NA,585,private,2640 Iliff,39.9704,-105.2589,25,19,16.625,0,3-10
596,Malus,domestica,Delicious,"Cervena prevazhodna, Delicious rosso, Hawkeye, Piros Delicious, Stark Delicious",NA,dessert,United States,2947,NA,NA,NA,NA,NA,NA,NA,NA,NA,NA
597,Malus,domestica,Winesap,NA,NA,NA,NA,32541,NA,NA,NA,NA,NA,NA,NA,NA,NA,NA
616,NA,NA,NA,NA,NA,NA,NA,NA,619,private,"7455 N. 77th St. Niwot, CO 80503",40.109326,-105.172214,25,12,21,0,NA
619,Malus,hybrid,Centennial / UNK-UW_936,NA,NA,NA,United States,2755,619,private,"7455 N. 77th St. Niwot, CO 80503",40.1009373,-105.172158,25,13,20,0,NA
621,Malus,domestica,Salome,NA,NA,dessert,United States,3097,NA,NA,NA,NA,NA,,,,,
622,Malus,domestica,Ben Davis,"New York Pippin, Kentucky Red",NA,"dessert, cider",United States,3136,NA,NA,NA,NA,NA,,,,,
623,Malus,domestica,McIntosh Summerland Red,NA,NA,cider,Canada,2968,623,Private,"Front yard of 3021 14th St, Boulder, neighbor of Eric Johnson",40.031308,-105.277581,,,,,
624,NA,NA,NA,NA,NA,NA,NA,NA,624,Public,"cabin 19 kinnickink drive, w side of road, on S side of yard",39.996763,-105.282361,,,,,
NA,NA,NA,NA,NA,NA,NA,NA,NA,NA,NA,290 Cactus (back yard),40.0405248,-105.2929436,NA,NA,NA,NA,NA
NA,NA,NA,NA,NA,,NA,NA,NA,NA,NA,290 Cactus (back yard),40.042972,-105.2959905,NA,NA,NA,NA,NA